<?xml version="1.0" encoding="UTF-8" standalone="no"?>
<beans xmlns="http://www.springframework.org/schema/beans"
	xmlns:context="http://www.springframework.org/schema/context"
	xmlns:mvc="http://www.springframework.org/schema/mvc"
	xmlns:task="http://www.springframework.org/schema/task" 
	xmlns:tx="http://www.springframework.org/schema/tx"
	xmlns:p="http://www.springframework.org/schema/p" 
	xmlns:security="http://www.springframework.org/schema/security"
	xmlns:util="http://www.springframework.org/schema/util"
	xmlns:xsi="http://www.w3.org/2001/XMLSchema-instance"
	xsi:schemaLocation="http://www.springframework.org/schema/beans 
		http://www.springframework.org/schema/beans/spring-beans-4.0.xsd                 
		http://www.springframework.org/schema/context 
		http://www.springframework.org/schema/context/spring-context-4.0.xsd                 
		http://www.springframework.org/schema/mvc 
		http://www.springframework.org/schema/mvc/spring-mvc-4.0.xsd
		http://www.springframework.org/schema/security 
        http://www.springframework.org/schema/security/spring-security.xsd
		http://www.springframework.org/schema/task
		http://www.springframework.org/schema/task/spring-task.xsd 
		http://www.springframework.org/schema/tx
		http://www.springframework.org/schema/tx/spring-tx-4.0.xsd
		http://www.springframework.org/schema/util
		http://www.springframework.org/schema/util/spring-util-4.0.xsd">

	<util:properties id="manifest" location="META-INF/MANIFEST.MF"
		scope="singleton" />
	<context:property-placeholder
		location="classpath*:META-INF/spring/*.properties, classpath:application.properties,
        classpath:environment.properties"
		ignore-unresolvable="true" />

	<util:properties id="app" local-override="true" />
	
	
		<bean id="messageSource"
		class="org.springframework.context.support.ReloadableResourceBundleMessageSource">
		<!-- <property name="basename" value="classpath:messages" /> -->
		<property name="basename" value="${message_bundle_location}" />
		<property name="defaultEncoding" value="UTF-8" />
		<property name="fallbackToSystemLocale" value="false" />
	</bean>



	<bean id="messageLocator"
		class="org.springframework.validation.beanvalidation.MessageSourceResourceBundleLocator">
		<constructor-arg index="0" ref="messageSource" />
	</bean>

	<!-- SPRING LOCALE MESSAGE INTERPOLATOR -->

	<bean id="messageInterpolator"
		class="org.springframework.validation.beanvalidation.LocaleContextMessageInterpolator">
		<constructor-arg index="0">
			<bean id="hibernateMessageInterpolator"
				class="org.hibernate.validator.messageinterpolation.ResourceBundleMessageInterpolator">
				<constructor-arg name="userResourceBundleLocator"
					ref="messageLocator" />
				<!--  <constructor-arg name="cacheMessages" value="true" />-->
			</bean>
		</constructor-arg>
	</bean>
	
	<context:component-scan base-package="gov.uspto.pe2e.cpc.ipc.rest.web.controller"
		use-default-filters="false">
		<context:include-filter expression="org.springframework.stereotype.Controller"
			type="annotation" />
			
	</context:component-scan>	
    <context:component-scan base-package="gov.uspto.pe2e.cpc.ipc.rest.*.controller"
        use-default-filters="false">
        <context:include-filter expression="org.springframework.stereotype.Controller"
            type="annotation" />
    </context:component-scan>   
  
	<!--  <security:global-method-security jsr250-annotations="enabled" 
		secured-annotations="enabled" pre-post-annotations="enabled">
		<security:expression-handler ref="securityExpressionHandler"/>
	</security:global-method-security>
	-->
	<tx:annotation-driven mode="aspectj"
		transaction-manager="transactionManager" proxy-target-class="true" />



	<!-- you can't call it objectMapper for some reason -->
	<bean name="jacksonObjectMapper"
		class="org.springframework.http.converter.json.Jackson2ObjectMapperFactoryBean"
		p:simpleDateFormat="yyyy-MM-dd'T'HH:mm:ssZ" p:indentOutput="true">
		<property name="featuresToDisable">
			<array>
				<util:constant
					static-field="com.fasterxml.jackson.databind.SerializationFeature.WRITE_DATES_AS_TIMESTAMPS" />

			</array>
		</property>

		<!-- <property name="serializers"> <array> <bean class="gov.uspto.pe2e.cpc.ipc.rest.web.controller.converter.DateSerializer" 
			/> </array> </property> -->
	<!-- <property name="deserializersByType">
         <array>
         <util:map key-type="java.lang.Class">
            <entry key="java.io.Serializable">
                <bean class="gov.uspto.pe2e.cpc.ipc.rest.web.controller.converter.JacksonSerializableDeserializer" />
            </entry>
        </util:map>
         </array>
       </property>	-->
	</bean>

	<bean id="validator" class="org.springframework.validation.beanvalidation.LocalValidatorFactoryBean">
    <property name="messageInterpolator">
      <bean class="gov.uspto.pe2e.cpc.ipc.rest.web.config.I18nMessageInterpolater" >
      	<property name="messageSource" ref="messageSource"/>
      </bean>
    </property>
  	</bean>

	<!-- setup spring MVC -->
	<mvc:annotation-driven conversion-service="mvcConversionService" 
		validator="validator" content-negotiation-manager="mvcContentNegotiationManager" >
		  <mvc:message-converters register-defaults="true" >
		   	<bean
				class="org.springframework.http.converter.json.MappingJackson2HttpMessageConverter">
 				<property name="objectMapper" ref="jacksonObjectMapper" />
			</bean>
	
		</mvc:message-converters>
		
	</mvc:annotation-driven>
	
	<mvc:interceptors>
	
    	<bean class="org.springframework.web.servlet.i18n.LocaleChangeInterceptor">
        	<property name="paramName" value="locale" />
    	</bean>

		<mvc:interceptor >
			<mvc:mapping path="/symbols/**" />
			<ref bean="cacheControlInterceptor"/>
		</mvc:interceptor>    	
    	<!-- org.springframework.web.servlet.mvc.WebContentInterceptor
    	gov.uspto.pe2e.cpc.ipc.rest.web.controller.interceptor.CacheControlInterceptor
    	 -->  	
    	 <!--  <bean class="net.rossillo.spring.web.mvc.CacheControlHandlerInterceptor" />-->
		<mvc:interceptor>
			<mvc:mapping path="/proposals/**" />
			<ref bean="proposalLockAcquireLockHandler" />
		</mvc:interceptor>
		<mvc:interceptor>
			<mvc:mapping path="/proposals/**" />
			<ref bean="proposalLockAutoExtendLockHandler" />
		</mvc:interceptor>
		
		<mvc:interceptor>
			<mvc:mapping path="/proposals/**" />
			<ref bean="proposalLockReleaseThisLockHandler" />
		</mvc:interceptor>
		<mvc:interceptor>
			<mvc:mapping path="/proposals/**" />
			<ref bean="proposalLockReleaseNameLocksHandler" />
		</mvc:interceptor>
		<mvc:interceptor >
			<mvc:mapping path="/proposals/**" />
			<ref bean="proposalLockUserLockReportHandler"/>
		</mvc:interceptor>
	</mvc:interceptors>


	<mvc:default-servlet-handler />
	<mvc:view-controller path="/login" />
	<mvc:view-controller path="/about" view-name="about" />

<!-- 
    @Override
    public void addResourceHandlers(ResourceHandlerRegistry registry)
    {
        registry.addResourceHandler("/swagger-ui/**")
        .addResourceLocations("classpath:/META-INF/resources/webjars/swagger-ui/5.2.0/");
    } -->
    <!--  
	<mvc:resources mapping="swagger-ui.html" location="classpath:/META-INF/resources/" />
	<mvc:resources mapping="/webjars/**"
		location="classpath:/META-INF/resources/webjars/swagger-ui/5.2.0/" />-->

	<!-- Handles HTTP GET requests for /resources/** by efficiently serving 
		up static resources -->
	<!--<mvc:resources location="/, classpath:/META-INF/web-resources/" mapping="/resources/**"/> -->

	<!--Installs application converters and formatters -->
	<bean
		class="gov.uspto.pe2e.cpc.ipc.rest.web.controller.ApplicationConversionServiceFactoryBean"
		id="mvcConversionService" />
	<!-- Swagger Documentation plugin -->

	<!--  <bean name="applicationSwaggerConfig"
		class="gov.uspto.pe2e.cpc.ipc.rest.web.config.ApplicationSwaggerConfig" />-->
	<!-- If anyone has time, we need to start building in custom Jackson transformers 
		as well as Content Negotiating View Resolvers. Since we are using Jackson 
		for json serialization, we should get XML (JAXB) views for free as long as 
		we configure the content negotiating view resolver correctly, which we need 
		to do anyways. -->
	<bean 
		class="org.springframework.web.servlet.view.ContentNegotiatingViewResolver">
		<!-- All configuration is now done by the manager - since Spring V3.2 -->
		<property name="contentNegotiationManager" ref="mvcContentNegotiationManager" />
	</bean>


	<bean id="mvcContentNegotiationManager"
		class="org.springframework.web.accept.ContentNegotiationManagerFactoryBean">
		<property name="ignoreAcceptHeader" value="false" />
		<property name="defaultContentType" value="application/json" />
		<property name="favorPathExtension" value="false"/>
    	<property name="mediaTypes">
        	<value>
            	json=application/json
            	xml=application/xml
        	</value>
    	</property>
	</bean>
    <bean
		class="org.springframework.web.servlet.view.InternalResourceViewResolver">
		<property name="order" value="3" />
		<property name="prefix" value="WEB-INF/views/" />
		<property name="suffix" value=".jspx" />
	</bean>

	<!-- I18N Support -->
	<bean id="localeResolver"
			class="org.springframework.web.servlet.i18n.SessionLocaleResolver">
		<property name="defaultLocale" value="en" />
	</bean>

	
	<bean id="multipartResolver"
		class="org.springframework.web.multipart.support.StandardServletMultipartResolver" />
<!-- 		
	<bean id="getMethodCacheControlBuilder" class="org.springframework.http.CacheControl">
		<constructor-arg><bean></bean></constructor-arg>
	</bean>
	-->
</beans>
