<beans xmlns="http://www.springframework.org/schema/beans"
	xmlns:util="http://www.springframework.org/schema/util" 
	xmlns:security="http://www.springframework.org/schema/security"
	xmlns:xsi="http://www.w3.org/2001/XMLSchema-instance"
	xsi:schemaLocation="
		   http://www.springframework.org/schema/util
		   http://www.springframework.org/schema/util/spring-util.xsd
           http://www.springframework.org/schema/beans 
           http://www.springframework.org/schema/beans/spring-beans.xsd
           http://www.springframework.org/schema/security 
           http://www.springframework.org/schema/security/spring-security.xsd">


	<util:map id="idp_issuer">
		<entry key="PTO" value="${uspto_issuer_regex:^.*@uspto\.gov$}" />
		<entry key="EPO" value="${epo_issuer_regex:^.*@epo\.org$}" />

	</util:map>
	<bean id="samlUserDetailsService"
		class="gov.uspto.pe2e.cpc.ipc.rest.commons.security.saml.UsptoSAMLUserDetailsService">
		<property name="defaultRoles">
			<util:list>
				<value type="java.lang.String">EMPLOYEE</value>
			</util:list>
		</property>
		<property name="issuerRegexMap" ref="idp_issuer" />

	</bean>
</beans>
