<?xml version="1.0" encoding="UTF-8" standalone="no"?>
<beans xmlns="http://www.springframework.org/schema/beans"
	xmlns:batch="http://www.springframework.org/schema/batch" xmlns:cache="http://www.springframework.org/schema/cache"
	xmlns:context="http://www.springframework.org/schema/context"
	xmlns:jee="http://www.springframework.org/schema/jee" xmlns:mvc="http://www.springframework.org/schema/mvc"
	xmlns:security = "http://www.springframework.org/schema/security"
	xmlns:tx="http://www.springframework.org/schema/tx" 
	xmlns:xsi="http://www.w3.org/2001/XMLSchema-instance"
	xmlns:util="http://www.springframework.org/schema/util" xmlns:task="http://www.springframework.org/schema/task"
	xmlns:jpa="http://www.springframework.org/schema/data/jpa"

	xsi:schemaLocation="http://www.springframework.org/schema/beans
	http://www.springframework.org/schema/beans/spring-beans.xsd
	http://www.springframework.org/schema/batch
    http://www.springframework.org/schema/batch/spring-batch.xsd
    http://www.springframework.org/schema/cache
    http://www.springframework.org/schema/cache/spring-cache.xsd
	http://www.springframework.org/schema/context
	http://www.springframework.org/schema/context/spring-context.xsd
	http://www.springframework.org/schema/jee
	http://www.springframework.org/schema/jee/spring-jee.xsd
	http://www.springframework.org/schema/mvc
	http://www.springframework.org/schema/mvc/spring-mvc.xsd
	http://www.springframework.org/schema/security 
    http://www.springframework.org/schema/security/spring-security.xsd
	http://www.springframework.org/schema/task
	http://www.springframework.org/schema/task/spring-task.xsd
	http://www.springframework.org/schema/tx
	http://www.springframework.org/schema/tx/spring-tx.xsd
	http://www.springframework.org/schema/util
	http://www.springframework.org/schema/util/spring-util.xsd
	http://www.springframework.org/schema/data/jpa
    http://www.springframework.org/schema/data/jpa/spring-jpa.xsd">

	<!-- <bean id="sysProperties" class="org.springframework.beans.factory.config.MethodInvokingFactoryBean">
		<property name="targetObject" value="#{@systemProperties}"/> <property name="targetMethod"
		value="putAll"/> <property name="arguments"> <util:properties> <prop key="javax.xml.parsers.DocumentBuilderFactory">com.sun.org.apache.xerces.internal.jaxp.DocumentBuilderFactoryImpl</prop>
		<prop key="javax.xml.parsers.SAXParserFactory">com.sun.org.apache.xerces.internal.jaxp.SAXParserFactoryImpl</prop>
		<prop key="javax.xml.transform.TransformerFactory">com.sun.org.apache.xalan.internal.xsltc.trax.TransformerFactoryImpl</prop>
		</util:properties> </property> </bean> -->

	<!-- This will automatically locate any and all property files you have
		within your classpath, provided they fall under the META-INF/spring directory.
		The located property files are parsed and their values can then be used within
		application context files in the form of ${propertyKey}. -->
	<context:property-placeholder
		location="classpath*:META-INF/spring/*.properties, classpath:application.properties,
        classpath:environment.properties"
		ignore-unresolvable="true" />
	<context:component-scan base-package="gov.uspto.pe2e.cpc.ipc.rest">
		<context:exclude-filter expression="org.springframework.stereotype.Controller"
			type="annotation" />
			
			
			
	</context:component-scan>
	<context:annotation-config />
	<context:spring-configured />
	<!--  <cache:annotation-driven cache-manager="cacheManager" />-->
	<util:map id="documentAdapterConfig" map-class="java.util.LinkedHashMap">
        <!-- Datatypes for this map: key : CPC XML XSD version value : String representation
            of the DocumentAdapter Implementation -->
        <entry key="1.6"
            value="gov.uspto.pe2e.cpc.ipc.rest.commons.service.document.adapter.v1_0.DocumentAdapter" />
        <entry key="1.7"
            value="gov.uspto.pe2e.cpc.ipc.rest.commons.service.document.adapter.v1_1.DocumentAdapter" />
        <!-- <entry key="1.8" value="gov.uspto.pe2e.cpc.ipc.rest.web.service.document.adapter.v1_1.DocumentAdapter"
            /> -->
    </util:map>
	<util:map id="runningThreadsByProposalUuid"
			  key-type="java.lang.Long"
			  value-type="java.util.UUID"
			  map-class="java.util.concurrent.ConcurrentHashMap">
	</util:map>
	<bean id="messageSource"
		class="org.springframework.context.support.ReloadableResourceBundleMessageSource">
		<!-- <property name="basename" value="classpath:messages" /> -->
		<property name="basename" value="${message_bundle_location}" />
		<property name="defaultEncoding" value="UTF-8" />
		<property name="fallbackToSystemLocale" value="false" />
	</bean>
	
	<bean id="messageLocator"
		class="org.springframework.validation.beanvalidation.MessageSourceResourceBundleLocator">
		<constructor-arg index="0" ref="messageSource" />
	</bean>

	<!-- SPRING LOCALE MESSAGE INTERPOLATOR -->

<!--	<bean id="messageInterpolator"-->
<!--		class="org.springframework.validation.beanvalidation.LocaleContextMessageInterpolator">-->
<!--		<constructor-arg index="0">-->
<!--			<bean id="hibernateMessageInterpolator"-->
<!--				class="org.hibernate.validator.messageinterpolation.ResourceBundleMessageInterpolator">-->
<!--				<constructor-arg name="userResourceBundleLocator"-->
<!--					ref="messageLocator" />-->
<!--				<constructor-arg name="cacheMessages" value="true" />-->
<!--			</bean>-->
<!--		</constructor-arg>-->
<!--	</bean>-->
	<!-- SPRING VALIDATOR -->
<!--	<bean id="validator"-->
<!--		class="org.springframework.validation.beanvalidation.LocalValidatorFactoryBean">-->
<!--		<property name="messageInterpolator" ref="messageInterpolator" />-->
<!--	</bean>-->

	<!-- SPRING ANNOTATION VALIDATION CONFIGURATION -->

<!--	<bean-->
<!--		class="org.springframework.validation.beanvalidation.MethodValidationPostProcessor">-->
<!--		<property name="validator" ref="validator" />-->
<!--	</bean>-->
	<!-- Uncomment the following as soon as the db connectivity has been set
		up -->
	<jee:jndi-lookup id="dataSource" jndi-name="jdbc/cpcipcrestDatasource" />

	<util:properties id="app" local-override="true" />
	<!-- Uncomment the following as soon as the db connectivity has been set
		up -->
	<bean
		class="org.springframework.orm.jpa.LocalContainerEntityManagerFactoryBean"
		id="entityManagerFactory">
		<property name="packagesToScan" value="gov.uspto.pe2e.cpc.ipc.rest.commons.persistence.entity" />
		<property name="mappingResources">
			<value>orm.xml</value>
		</property>
		<property name="dataSource" ref="dataSource" />
		<property name="jpaVendorAdapter">
			<bean class="org.springframework.orm.jpa.vendor.HibernateJpaVendorAdapter" />
		</property>
		<property name="persistenceUnitName" value="cpc" />

		<property name="jpaProperties">
			<props>
				<prop key="hibernate.hbm2ddl.auto">${hibernate.ddlauto.setting}</prop>
				<prop key="hibernate.dialect">${hibernate.dialect}</prop>
				<prop key="hibernate.show_sql">false</prop>
				<prop key="hibernate.ejb.naming_strategy">org.hibernate.cfg.ImprovedNamingStrategy</prop>
				<prop key="hibernate.jdbc.batch_size">200</prop>
				<prop key="hibernate.order_inserts">true</prop>
				<prop key="hibernate.order_updates">true</prop>
				<prop key="hibernate.jdbc.batch_versioned_data">true</prop>
				<!-- <prop key="hibernate.cache.provider_class">org.hibernate.cache.SingletonEhCacheProvider</prop>
					<prop key="hibernate.cache.use_second_level_cache">true</prop> <prop key="hibernate.cache.use_query_cache">true</prop>
					<prop key="hibernate.cache.region.factory_class">org.hibernate.cache.ehcache.EhCacheRegionFactory
					</prop> -->
				<prop key="hibernate.generate_statistics">true</prop>
				<prop key="net.sf.ehcache.configurationResourceName">ehcache.xml</prop>

			</props>
		</property>

	</bean>
	
	

	<!-- We are explicitly setting system property factory class due to conflict with OpenCMIS libraray.
					Uncomment the following as soon as the Alfresco jar issues resolved -->
	 <bean class="org.springframework.beans.factory.config.MethodInvokingFactoryBean">
	    <property
	        name="targetObject">
	        <!-- System.getProperties() -->
	        <bean
	            class="org.springframework.beans.factory.config.MethodInvokingFactoryBean">
	            <property name="targetClass" value="java.lang.System" />
	            <property name="targetMethod" value="getProperties" />
	        </bean>
	    </property>
	    <property
	        name="targetMethod"
	        value="putAll" />
	    <property
	        name="arguments">
	        <util:properties>
	            <prop
	            	key="com.sun.xml.internal.stream.XMLInputFactoryImpl">com.sun.xml.internal.stream.XMLInputFactoryImpl</prop>
	            <prop key="javax.xml.parsers.DocumentBuilderFactory">com.sun.org.apache.xerces.internal.jaxp.DocumentBuilderFactoryImpl</prop>
	            	
	        </util:properties>
	    </property>
	</bean>

	<!-- Uncomment the following as soon as the db connectivity has been set
		up -->
	<bean id="transactionManager" class="org.springframework.orm.jpa.JpaTransactionManager">
		<property name="entityManagerFactory" ref="entityManagerFactory" />
	</bean>
	<!-- <cache:annotation-driven/>-->
	<!--  
	<bean id="cacheManager" class="org.springframework.cache.ehcache.EhCacheCacheManager">
		<property name="cacheManager" ref="ehcache" />
	</bean>
	<bean id="ehcache"
		class="org.springframework.cache.ehcache.EhCacheManagerFactoryBean">
		<property name="configLocation" value="classpath:ehcache.xml" />
		<property name="shared" value="true" />
	</bean>-->
	<tx:annotation-driven mode="proxy"
		transaction-manager="transactionManager" proxy-target-class="true" />

	<!-- Scan for Spring Data repositories -->
	<jpa:repositories base-package="gov.uspto.pe2e.cpc.ipc.rest.commons.persistence.repository" />
	<jpa:auditing auditor-aware-ref="cpcAuditAware" />
	<!-- Servlet Filters that require injection need be specified as Spring
		deligating proxy filters in the web.xml then have the bean definition (who's
		id matches the filter name) and injection properties specified in the spring
		config as normal spring bean. All Spring Injectable filters need to be specified
		here. -->
	<!-- Begin Servlet Filter definitions -->
	<bean id="revisionVersionFilter"
		class="gov.uspto.pe2e.cpc.ipc.rest.web.jee.filter.RevisionVersionFilter">
		<property name="classificationSchemeRepository" ref="classificationSchemeRepository" />
		<property name="publicationService" ref="publicationService" />

	</bean>
	
	

	<!-- <bean id="scheme1_6ImportService" class="gov.uspto.pe2e.cpc.ipc.rest.web.service.schemeimport.Scheme1_6ImportService"/> -->

	<!-- <neo:repositories base-package="gov.uspto.pe2e.cpc.ipc.rest.entity.graph.repository"
		/> -->
	<!-- <bean id="validator" class="org.springframework.validation.beanvalidation.LocalValidatorFactoryBean">
		<property name="validationMessageSource" ref="messageSource"/> </bean> -->
	<!-- <bean id="validator" class="org.springframework.validation.beanvalidation.LocalValidatorFactoryBean">
		<property name="messageInterpolator"> <bean class="gov.uspto.pe2e.cpc.ipc.rest.web.config.I18nMessageInterpolater"
		> <property name="messageSource" ref="messageSource"/> </bean> </property>
		</bean> -->
	<!-- <task:annotation-driven executor="taskExecutor" scheduler="taskScheduler"
		/> <task:executor id="taskExecutor" pool-size="20" rejection-policy="CALLER_RUNS"
		/> <task:scheduler id="taskScheduler" pool-size="10" /> -->
	<bean id="lockProvider" class="net.javacrumbs.shedlock.provider.jdbctemplate.JdbcTemplateLockProvider">
    	<constructor-arg ref="dataSource"/>
	</bean>
	<task:executor id="taskExecutor"/>
	<task:scheduler id="taskScheduler" pool-size="10" />

	
	<bean id="scheduler" class="net.javacrumbs.shedlock.spring.SpringLockableTaskSchedulerFactoryBean">
    	<constructor-arg ref="taskScheduler">
	    	  <!--  <task:scheduler id="sch" pool-size="10"/> -->
    	</constructor-arg>
    	<constructor-arg ref="lockProvider"/>
    	<constructor-arg name="defaultLockAtMostFor">
        	<bean class="java.time.Duration" factory-method="ofMinutes">
            	<constructor-arg value="10"/>
        	</bean>
    	</constructor-arg>
	</bean>
		
	<task:annotation-driven executor="taskExecutor"
		scheduler="scheduler" />
<!-- 	<bean id="taskExecutor"
		class="org.springframework.scheduling.concurrent.ThreadPoolTaskExecutor">
		<property name="corePoolSize" value="5" />
		<property name="maxPoolSize" value="10" />
		<property name=""></property>
		<property name="waitForTasksToCompleteOnShutdown" value="true" />
	</bean>-->

	<bean id="jobExplorer"
		class="org.springframework.batch.core.explore.support.MapJobExplorerFactoryBean">
		<property name="repositoryFactory" ref="&amp;jobRepository" />
	</bean>

	<bean id="jobRepository"
		class="org.springframework.batch.core.repository.support.MapJobRepositoryFactoryBean">
		<property name="transactionManager" ref="schedulingTransactionManager" />
		<!-- <property name="dataSource" ref="dataSource" /> <property name="databaseType"
			value="" /> -->
	</bean>

	<bean id="schedulingTransactionManager"
		class="org.springframework.batch.support.transaction.ResourcelessTransactionManager" />


	<bean id="jobLauncher"
		class="org.springframework.batch.core.launch.support.SimpleJobLauncher">
		<property name="jobRepository" ref="jobRepository" />
		<!-- Job launchers are made asynchronous by simply adding a taskExecutor -->
		<property name="taskExecutor" ref="taskExecutor" />
	</bean>


	<bean id="wmsRestTemplate" class="org.springframework.web.client.RestTemplate"/>	

<!-- 	<batch:job id="proposalImportJob" restartable="true">
		<batch:listeners>
			<batch:listener ref="usptoJobListener" />
		</batch:listeners>

		<batch:step id="proposalImportStep" next="proposalPersistFile">
			<batch:tasklet ref="proposalDocxImportTask"
				transaction-manager="transactionManager">
			</batch:tasklet>
			<batch:listeners merge="true">
				<batch:listener ref="usptoJobStepListener" />
			</batch:listeners>
		</batch:step>
		<batch:step id="proposalPersistFile">
			<batch:tasklet ref="proposalPersistTask"
				transaction-manager="transactionManager">
			</batch:tasklet>
			<batch:listeners merge="true">
				<batch:listener ref="usptoJobStepListener" />
			</batch:listeners>

		</batch:step>

	</batch:job>

	<batch:job id="proposalCreateFromWSJob" restartable="true">
		<batch:listeners>
			<batch:listener ref="usptoJobListener" />
		</batch:listeners>
		<batch:step id="proposalCreateFromWS" next="proposalPersistWS">
			<batch:tasklet ref="proposalCreateFromWSTask">
			</batch:tasklet>
			<batch:listeners merge="true">
				<batch:listener ref="usptoJobStepListener" />
			</batch:listeners>
		</batch:step>
		<batch:step id="proposalPersistWS">
			<batch:tasklet ref="proposalPersistTask">
			</batch:tasklet>
			<batch:listeners merge="true">
				<batch:listener ref="usptoJobStepListener" />
			</batch:listeners>

		</batch:step>

	</batch:job>-->
	
	
	   <!-- SET default mail properties -->
    <bean id="emailSender" class="org.springframework.mail.javamail.JavaMailSenderImpl">
        <property name="host" value="${smtp.host}"/>
        <property name="port" value="${smtp.port:25}"/>
        <!--  <property name="username" value="admin@gmail.com"/>
        <property name="password" value="password"/>-->
        <property name="javaMailProperties">
            <props>
                <prop key="mail.transport.protocol">smtp</prop>
                <prop key="mail.smtp.auth">${smtp.auth}</prop>
                <prop key="mail.smtp.starttls.enable">${smtp.starttls.enable}</prop>
                <prop key="mail.debug">${smtp.debug}</prop>
            </props>
        </property>
    </bean>
     
    <!-- We can have some pre-configured messagess also which are ready to send -->
 <!--  
    <bean id="preConfiguredMessage" class="org.springframework.mail.SimpleMailMessage">
        <property name="to" value="somebody@gmail.com"></property>
        <property name="from" value="admin@gmail.com"></property>
        <property name="subject" value="FATAL - Application crash. Save your job !!"/>
    </bean>
-->

	<!--  <bean class="net.javacrumbs.shedlock.provider.jdbctemplate.JdbcTemplateLockProvider">
		<constructor-arg index="0" ref="dataSource"/>
	</bean>
-->
	
    <util:list id="proposalCompletenessValidator"
        value-type="gov.uspto.pe2e.cpc.ipc.rest.pm.service.validator.ProposalValidator">
        <ref bean="duplicateRowGlobalValidator"/>
        <ref bean="proposalRowDotLevelValidator" />  <!-- US72726 -->
        <ref bean="proposalRowDotLevelWithSymbolValidator" />
        <ref bean="proposalRowEntryTypeAndTransferToComboValidator"/>   <!-- US35872 -->
        <ref bean="proposalRowIntellectualReclassOnCertainTypeValidator" /> <!-- US47829, US69462 -->
        <ref bean="proposalRowEntryTypeValidator"/>
        <ref bean="proposalRowIntellectualReclassValidator" /> <!-- US46299 -->
        <ref bean="proposalRowReclassCategoryValidator" /> <!-- US46628 -->
        <ref bean="proposalRowReclassCheckForEntryTypeValidator" /> <!-- US46301 -->
        <ref bean="proposalRowReclassCheckForMainOrSubGroupValidator" /> <!-- US46626 -->
        <ref bean="proposalRowReclassTransferDuplicateValidator"/>
        <ref bean="proposalRowSymbolNameValidator"/>
        <ref bean="proposalRowTitleEmptyValidator" /> <!-- US46298 -->
        <ref bean="proposalRowUniqueSortKeyValidator" /> <!-- US46296, US67180 -->
        <ref bean="titleGrammarValidator" />
        <ref bean="titleDanglingSemicolonFltValidator" /><!-- US68994 -->
        <ref bean="titleValidTitleButInvalidFltValidator"/>
        <ref bean="titleHasNonReferenceFltValidator" />
        <ref bean="titleReference0Or1AndAtEndFltValidator" />
        <ref bean="titleReferencePartFltValidator" />
        <ref bean="titleSymbolReferenceValidator" /> <!-- US39235 -->
        <ref bean="titleDanglingSemicolonCPCValidator" /> <!-- US68994 -->
        <ref bean="titleHasNonReferenceCPCValidator" /> <!-- US67035 -->
        <ref bean="titleReference0Or1AndAtEndCPCValidator" /> <!-- US47831 & US47832 -->
        <ref bean="titleReferencePartCPCValidator" /> <!-- US48285  US48284 -->
        <ref bean="definitionSymbolReferenceFormatValidator" /> <!-- US93859 -->
        <ref bean="noteSymbolReferenceFormatValidator" /> <!-- US93862 -->
        <ref bean="proposalRowSymbolDotLevelHierarchyValidator" /> <!-- US508311 -->


    </util:list>

	<util:list id="proposalConsistencyValidator"
		value-type="gov.uspto.pe2e.cpc.ipc.rest.pm.service.validator.ProposalValidator">
		<ref bean="proposalRowCTypeAndReclassValidator"/> <!--  US68697, US69395 -->
		<ref bean="proposalRowTTypeAndReclassValidator" /> <!-- US69630 -->
		<ref bean="proposalRowFrozenSymbolTypeValidator"/> <!-- US68747 -->
		<ref bean="proposalRowFrozenTypeReclassValidator"/> <!-- US68702 -->
		<ref bean="proposalRowNTypeAndReclassValidator" /> <!-- US68695 & DE39093-->
		<ref bean="proposalRowQTypeAndReclassValidator" /> <!-- US69394, US69539 -->
		<ref bean="proposalRowQTypeValidator" /> <!-- US69542 -->
		<ref bean="proposalRowReclassTransferInContextAndGoldCopyValidator" />
		<ref bean="proposalRowTypeAndSymbolComboCorrectValidator" />
		<ref bean="proposalRowUGroupAndIndentLevelValidator" /> <!-- US71229 -->
		<ref bean="proposalRowNewSubGroupRequireMainGroupValidator" /> <!-- US71354 -->
		<ref bean="proposalRowQTypeDoNotReceiveDocsFromFTypeValidator" /> <!-- US74372 -->
		<ref bean="proposalRowUorMTypeDoNotReceiveDocsFromAnyTypeValidator" /> <!-- US74369 -->
		<ref bean="proposalRowReclassAdminValidator" /> <!-- US74375 -->
		<ref bean="proposalRowTypeDOrFValidator" /> <!--  US74379 -->
		<ref bean="proposalRowReclassAdminInventiveValidator" /> <!-- US74381 -->
		<ref bean="proposalRowNorQTypeAndSubClassValidator" /> <!-- US75708 -->
		<ref bean="proposalRowNorQTypeAndMainGroupValidator" /> <!-- US75707 -->
		<ref bean="proposalRowNorQTypeAndSortKeyValidator" /> <!-- US75703 -->
		<ref bean="proposalRowFTypeSymbolAndQTypeReclassValidator" /> <!-- US75709 -->
		<ref bean="proposalRowDTypeAndTransferToComboValidator" /> <!-- US75710 -->
		<ref bean="proposalRowFrozenSymbolAndIndentValidator" /> <!-- US76227 -->
		<ref bean="proposalRowSymbolAndTitleLimitingReferenceValidator"/> <!-- US85816 -->
		<ref bean="proposalRowTypeAndFrozenSymbolInTitleValidator"/> <!-- US85817 -->
		<ref bean="proposalRowCpcSymbolInTitleLimitingReferenceValidator"/> <!-- US85818 -->
		<ref bean="proposalRowTitleAndInformativeReferenceValidator"/> <!-- US85819 -->
		<ref bean="proposalRowSymbolAndTitlePrecedenceValidator"/> <!-- US91219 -->
		<ref bean="proposalRowSymbolAndTitleLimitingReferenceAndSubGroupValidator"/> <!-- US91224 -->
		<ref bean="proposalRowTitleGroupReferenceValidator"/> <!-- US91223 -->
		<ref bean="proposalRowReclassCheckAndGlobalForTypeDandFValidator"/> <!-- US76232 -->
		<ref bean="proposalRowTitleAndReferenceSymbolValidator"/> <!-- US91222 -->
		<ref bean="definitionSymbolReferenceExistsValidator" /> <!-- US93860 -->
	   	<ref bean="noteSymbolReferenceExistsValidator" /> <!-- US93864 US132819 US136750-->
	   	<ref bean="cpcOnlyLimitingReferenceValidator" /> <!-- US93854 -->
	   	<ref bean="cpcOnlyNonLimitingReferenceValidator" /> <!-- US93855 -->
	   	<ref bean="ipcOnlyLimitingReferenceValidator"/>
	   	<ref bean="limitingReferenceMustHaveTitleReferenceValidator"/> <!-- US93857 -->
	   	<ref bean="nonLimitingReferenceCannotHaveTitleReferenceValidator"/> <!-- US93858 -->
	   	<ref bean="ipcOnlyNonLimitingReferenceValidator"/> <!-- US93856 -->
	   	<ref bean="definitionLimitingAndNonLimitingDuplicateSymbolValidator"/> <!-- US97770 -->
	   	<ref bean="proposalRowDefinitionSectionsEmptyValidator"/> <!-- US35871 -->
	   	<ref bean="proposalRowDefinitionSectionTableEmptyValidator"/> <!-- US101457 -->
	  	<ref bean="proposalRowDefinitionSectionsStructuralValidator"/> <!-- US35393 -->
	    <ref bean="proposalRowDefinitionSectionsStructuralTableValidator"/> <!-- US35393 -->
	  	<ref bean="proposalRowFrozenSymbolAndWarningValidator"/><!-- US107441 -->
	  	<ref bean="proposalRowTitleAndReferenceGoldCopySymbolValidator"/> <!-- US101458 -->
	  	<ref bean="proposalRowFrozenSymbolAndNoteValidator"/> <!-- US109330 -->
		<ref bean="noteTypeForDeletedSymbolValidator"/> <!-- US109479 -->
		<ref bean="warningTypeForDeletedSymbolValidator"/> <!-- US109480 -->
		<ref bean="definitionTypeForDeletedSymbolValidator"/> <!-- US109481 -->
		<ref bean="definitionFrozenSymbolReferenceValidator"/> <!-- US109478 -->	
		<ref bean="definitionLimitngReferenceInGeneralExistsValidator"/> <!-- US109483 -->	
		<ref bean="definitionSectionDuplicationSymbolInTableValidator"/> <!-- US75594 -->
		<ref bean="proposalRowDorFTypeAndCrossRerencesComboValidator"/> <!-- US91435 -->
		<ref bean="proposalRowCPCAndIPCBreakdownCodesValidator"/><!-- US114526 -->		
		<ref bean="proposalRowDefinitionLegacySKInGoldCopyValidator"/> <!-- US109486 -->
		<ref bean="proposalRowIPCForNewAndDeleteGroupsValidator"/> <!-- US117929, US117930 -->
		<ref bean="proposalRowCPCForNewGroupsValidator"/> <!-- US97772 -->
		<ref bean="proposalRowCFQTypeAndWarningValidator"/> <!-- US121172 -->
		<ref bean="proposalRowIpcGroupAndIpcTextInTitleValidator"/> <!-- US123737 -->
        <ref bean="titleSymbolRefOrderWithinReferencesValidator"/> <!-- US123739 -->
        <ref bean="titleSymbolRefOrderWithinRefPartValidator"/> <!-- US129275 -->
        <ref bean="titleDirectCircularSymbolReferenceValidator"/><!-- US131389 & US114769 -->
        <ref bean="titleGoldCopyDirectCircularSymbolReferenceValidator"/><!-- US131388 & US131390 -->
	</util:list>

	<util:list id="snvPreviewPreCheckValidator"
		value-type="gov.uspto.pe2e.cpc.ipc.rest.pm.service.validator.ProposalValidator">
			<ref bean="duplicateRowGlobalValidator"/>
			<ref bean="proposalRowDotLevelValidator"/>
			<ref bean="proposalRowDotLevelValidator"/>
			<ref bean="proposalRowDotLevelWithSymbolValidator"/>
			<ref bean="proposalRowEntryTypeValidator"/>
			<ref bean="proposalRowEntryTypeValidator"/>
			<ref bean="proposalRowSymbolNameValidator"/>
			<ref bean="proposalRowSymbolNameValidator"/>
			<ref bean="proposalRowTitleEmptyValidator"/>
			<ref bean="proposalRowUniqueSortKeyValidator"/>
			<ref bean="proposalRowTypeAndSymbolComboCorrectValidator"/>
			<ref bean="proposalRowUGroupAndIndentLevelValidator"/>
			<ref bean="proposalRowNorQTypeAndSubClassValidator"/>
			<ref bean="proposalRowNorQTypeAndMainGroupValidator"/>
			<ref bean="proposalRowNorQTypeAndSortKeyValidator"/>
			<ref bean="proposalRowDefinitionSectionsEmptyValidator"/>
			<ref bean="proposalRowCPCAndIPCBreakdownCodesValidator"/>
			<ref bean="proposalRowIPCForNewAndDeleteGroupsValidator"/>
			<ref bean="proposalRowCPCForNewGroupsValidator"/> 
			<ref bean="proposalRowSymbolDotLevelHierarchyValidator" /> <!-- US508311 -->
	</util:list>
	
	

</beans>
