<?xml version="1.0" encoding="UTF-8"?>
<configuration debug="false" scan="true" scanPeriod="30 minutes">
	<property name="BASE_DIR" value="${catalina.home}"/>
	<if condition='isNull("catalina.home")'>
   		<then>
			<property name="BASE_DIR" value="${user.home}"/>
   		</then>
   	</if> 
 	<property name="LOG_DIR" value="${BASE_DIR}/logs" />
    <appender name="STDOUT" class="ch.qos.logback.core.ConsoleAppender">
        <!-- encoders are assigned the type
        ch.qos.logback.classic.encoder.PatternLayoutEncoder by default -->
        <encoder>
        	<pattern>%d{yyyy-MM-dd HH:mm:ss.SSS} %-5level [%thread] %C:%L %msg%n</pattern>
        </encoder>
    </appender>
      <appender name="FILE"
              class="ch.qos.logback.core.rolling.RollingFileAppender">
        <File>${LOG_DIR}/cpcipcrestweb.log</File>
        <encoder>
           <pattern>%d{yyyy-MM-dd HH:mm:ss.SSS} %-5level [%thread] %C:%L %msg%n</pattern>
        </encoder>

        <rollingPolicy class="ch.qos.logback.core.rolling.FixedWindowRollingPolicy">
            <FileNamePattern>${LOG_DIR}/cpcipcrestweb.%i.log.zip
            </FileNamePattern>
            <MinIndex>1</MinIndex>
            <MaxIndex>10</MaxIndex>
        </rollingPolicy>

        <triggeringPolicy
                class="ch.qos.logback.core.rolling.SizeBasedTriggeringPolicy">
            <MaxFileSize>20MB</MaxFileSize>
        </triggeringPolicy>
    </appender>
    <root level="debug">
        <appender-ref ref="STDOUT" />
        <appender-ref ref="FILE" />
    </root>
    
    <logger name="org.springframework" level="WARN" />
    <logger name="org.springframework.security" level="DEBUG"/>
    <logger name="org.hibernate" level="WARN"/>
    <logger name="org.hibernate.tool.hbm2ddl.SchemaExport" level="FATAL"/>
    <logger name="org.dbunit" level="WARN"/>
    <logger name="org.apache" level="ERROR"/>
    <logger name="org.eclipse.jetty.util.component.AbstractLifeCycle" level="WARN"/>
    <logger name="gov.uspto" level="DEBUG" />
    
    <logger name="org.springframework.cache" level="TRACE"/> 
    
    
    <logger name="gov.uspto.pe2e.cpc.ipc.rest.commons.service.document.adapter.v1_1.DocumentAdapter" level="ERROR"/> 
    <logger name="gov.uspto.pe2e.cpc.ipc.rest.sn.service.LuceneMachine" level="ERROR"/>     
    <logger name="gov.uspto.pe2e.cpc.ipc.rest.web.config" level="TRACE"/> 
    <logger name="org.opensaml" level="TRACE"/> 
    <logger name="org.springframework.security.saml2" level="TRACE" />
    
<!--      
log4j.logger.org.opensaml.saml2.metadata.provider=info
log4j.logger.org.apache=error
log4j.logger.org.springframework=error
log4j.logger.org.springframework.security=info
log4j.logger.org.hibernate=error
log4j.logger.org.hibernate.hql=error
log4j.logger.org.hibernate.event=error
log4j.logger.org.hibernate.loader.entity=error
log4j.logger.org.hibernate.cfg=error
log4j.logger.org.hibernate.loader=error
log4j.logger.org.hibernate.engine.TwoPhaseLoad=error
log4j.logger.org.hibernate.engine.StatefulPersistenceContext=error
log4j.logger.org.hibernate.impl.SessionImpl=error
log4j.logger.org.quartz.core.QuartzSchedulerThread=error
log4j.logger.net.sf.jasperreports.engine.fill=error
log4j.logger.net.sf.jasperreports.engine.util.DeduplicableRegistry=error
log4j.logger.org.opensaml.xml.XMLConfigurator=warn
# Never set the following package to debug.  Output is so verbose, it slows the app
# causing timeouts
log4j.logger.org.springframework.cache=info
log4j.logger.org.opensaml=warn
log4j.logger.springfox=warn
log4j.logger.freemarker.beans=warn
log4j.logger.gov.uspto.pe2e.cpc.ipc.rest.web.service.document.adapter.v1_0.DocumentAdapter=info
log4j.logger.gov.uspto.pe2e.cpc.ipc.rest.web.util.templating=info
# following is set as debug but this method should not be
# referenced in any templates in production
log4j.logger.gov.uspto.pe2e.cpc.ipc.rest.web.util.templating.DebugMethod=info
log4j.logger.gov.uspto.pe2e.cpc.ipc.rest.cpc.collab.external.adapter.XsdDateTimeUtils=info
log4j.logger.org.springframework.orm.jpa.JpaTransactionManager=debug
log4j.logger.org.docx4j=warn-->
    
</configuration>
